interaction_id,contact_id,interaction_date,interaction_type,details
1,003XX00000RnWWMQ6o,2021-11-19,meeting,Major gift conversation – preliminary
2,003XX00000RnWWMQ6o,2021-11-06,phone_call,Left voicemail
3,003XX00000mxaDX9g8,2020-06-15,phone_call,Outreach about Planned Giving Society
4,003XX00000mxaDX9g8,2024-03-20,email_open,Journal issue announcement
5,003XX00000mxaDX9g8,2025-06-17,email_open,Year-End Appeal 2023
6,003XX00000mxaDX9g8,2020-01-30,email_open,Journal issue announcement
7,003XX00000mxaDX9g8,2023-03-08,email_open,Annual event invitation
8,003XX00000mxaDX9g8,2025-05-03,mail_sent,Holiday card
9,003XX00000mxaDX9g8,2021-08-09,email_click,Clicked journal article link
10,003XX00000mxaDX9g8,2025-01-18,phone_call,Left voicemail
11,003XX00000mxaDX9g8,2021-12-15,email_click,Clicked donate button
12,003XX00000OOjEty8h,2025-08-09,email_click,Clicked donate button
13,003XX00000OOjEty8h,2023-05-18,mail_sent,Hedgehog Review print copy
14,003XX00000OOjEty8h,2020-01-19,meeting,Phone meeting rescheduled
15,003XX00000OOjEty8h,2022-02-25,email_click,Clicked donate button
16,003XX00000OOjEty8h,2021-01-26,phone_call,
17,003XX00000dwyLGaac,2022-06-17,phone_call,Left voicemail
18,003XX00000dwyLGaac,2022-05-02,mail_sent,Hedgehog Review print copy
19,003XX00000dwyLGaac,2022-03-04,email_open,Year-End Appeal 2023
20,003XX00000dwyLGaac,2025-04-27,email_click,
21,003XX00000dwyLGaac,2021-10-16,email_click,Clicked donate button
22,003XX00000dwyLGaac,2024-01-31,email_open,Spring fundraising newsletter
23,003XX00000dwyLGaac,2024-11-15,email_click,Clicked journal article link
24,003XX000008jhuDkf0,2020-06-26,meeting,Introductory meeting with development director
25,003XX000008jhuDkf0,2020-08-02,mail_sent,Stewardship impact report
26,003XX000008jhuDkf0,2021-10-09,email_click,Clicked donate button
27,003XX000008jhuDkf0,2025-10-10,meeting,Introductory meeting with development director
28,003XX000008jhuDkf0,2022-08-21,email_open,
29,003XX000008jhuDkf0,2023-08-28,meeting,Cultivation lunch
30,003XX00000pVi28u5O,2023-08-27,mail_sent,Holiday card
31,003XX00000pVi28u5O,2023-08-28,email_open,Journal issue announcement
32,003XX00000pVi28u5O,2022-08-29,email_open,
33,003XX00000pVi28u5O,2022-03-30,meeting,Cultivation lunch
34,003XX00000pVi28u5O,2020-10-28,email_click,
35,003XX00000pVi28u5O,2025-06-07,phone_call,Thank-you call after Year-End gift
36,003XX00000pVi28u5O,2021-08-16,meeting,Stewardship call – discussed giving impact
37,003XX00000GatTlfXj,2024-05-05,email_click,Clicked journal article link
38,003XX00000GatTlfXj,2025-02-17,email_click,Clicked event registration link
39,003XX00000GatTlfXj,2024-01-08,mail_sent,Hedgehog Review print copy
40,003XX00000GatTlfXj,2023-10-07,email_click,Clicked event registration link
41,003XX00000GatTlfXj,2020-09-01,email_open,Spring fundraising newsletter
42,003XX00000GatTlfXj,2021-03-31,email_click,
43,003XX00000GatTlfXj,2024-09-09,meeting,Stewardship call – discussed giving impact
44,003XX00000GatTlfXj,2022-06-19,event_attended,Homecoming Reception 2023
45,003XX00000GatTlfXj,2021-10-04,phone_call,
46,003XX00000GatTlfXj,2022-07-29,email_click,Clicked donate button
47,003XX00000GatTlfXj,2025-11-07,meeting,Cultivation lunch
48,003XX00000GatTlfXj,2025-04-23,email_click,
49,003XX00000GatTlfXj,2020-02-29,event_attended,Book Launch event
50,003XX00000pNMBPd0E,2022-10-12,email_click,Clicked journal article link
51,003XX00000pNMBPd0E,2022-06-29,meeting,Phone meeting rescheduled
52,003XX00000pNMBPd0E,2020-01-21,email_click,
53,003XX00000pNMBPd0E,2020-06-13,email_open,Annual event invitation
54,003XX00000bu0RweOb,2020-05-17,phone_call,Left voicemail
55,003XX00000bu0RweOb,2024-06-03,phone_call,Left voicemail
56,003XX00000bu0RweOb,2021-02-05,mail_sent,Planned giving brochure
57,003XX00000uhlNNbBU,2020-02-20,email_open,
58,003XX00000uhlNNbBU,2024-07-23,mail_sent,Holiday card
59,003XX00000uhlNNbBU,2024-01-08,email_click,Clicked journal article link
60,003XX00000uhlNNbBU,2021-01-06,email_click,Clicked donate button
61,003XX00000j5j4X6Mk,2023-06-02,mail_sent,Holiday card
62,003XX00000RbujpUeU,2020-04-09,meeting,Cultivation lunch
63,003XX00000RbujpUeU,2021-07-21,meeting,Cultivation lunch
64,003XX00000RbujpUeU,2024-02-26,email_click,
65,003XX00000RbujpUeU,2020-01-06,mail_sent,Annual Fund appeal letter
66,003XX00000RbujpUeU,2023-09-25,meeting,Phone meeting rescheduled
67,003XX00000RbujpUeU,2023-04-29,email_open,Annual event invitation
68,003XX00000RbujpUeU,2026-01-30,event_attended,Virtual Symposium on Culture & Democracy
69,003XX00000SWSrHCDS,2023-10-07,email_open,
70,003XX00000SWSrHCDS,2025-10-09,email_open,
71,003XX00000SWSrHCDS,2020-07-30,event_attended,Spring Gala 2022
72,003XX00000SWSrHCDS,2024-02-06,meeting,Cultivation lunch
73,003XX00000JKEAbkSO,2024-02-09,event_attended,Spring Gala 2023
74,003XX00000JKEAbkSO,2020-10-01,mail_sent,Stewardship impact report
75,003XX00000JKEAbkSO,2022-04-18,mail_sent,Holiday card
76,003XX00000JKEAbkSO,2022-09-04,event_attended,Virtual Symposium on Culture & Democracy
77,003XX00000R6yicTU8,2022-05-09,meeting,Stewardship call – discussed giving impact
78,003XX00000R6yicTU8,2023-12-15,event_attended,Homecoming Reception 2023
79,003XX00000R6yicTU8,2024-09-28,phone_call,Follow-up on lapsed donor reengagement
80,003XX00000R6yicTU8,2020-09-16,email_open,Spring fundraising newsletter
81,003XX00000R6yicTU8,2025-01-27,event_attended,Book Launch event
82,003XX00000R6yicTU8,2025-11-27,phone_call,Thank-you call after Year-End gift
83,003XX00000LluIEv0V,2025-12-18,mail_sent,Stewardship impact report
84,003XX00000LluIEv0V,2025-01-25,event_attended,Virtual Symposium on Culture & Democracy
85,003XX00000XTsv2CEn,2020-09-25,mail_sent,Holiday card
86,003XX00000XTsv2CEn,2020-12-23,meeting,Introductory meeting with development director
87,003XX00000XTsv2CEn,2022-01-02,meeting,Major gift conversation – preliminary
88,003XX00000XTsv2CEn,2021-03-23,email_open,Journal issue announcement
89,003XX00000XTsv2CEn,2021-04-03,event_attended,Spring Gala 2023
90,003XX00000S7qcS90G,2022-04-16,email_click,Clicked donate button
91,003XX00000S7qcS90G,2024-09-02,event_attended,Virtual Symposium on Culture & Democracy
92,003XX00000S7qcS90G,2025-04-25,email_click,Clicked journal article link
93,003XX00000PzdyuVH7,2020-03-28,meeting,Major gift conversation – preliminary
94,003XX00000ky6GOB2i,2020-03-31,email_open,Journal issue announcement
95,003XX00000h8WYLH0c,2024-08-13,event_attended,Virtual Symposium on Culture & Democracy
96,003XX00000h8WYLH0c,2023-08-29,event_attended,Book Launch event
97,003XX00000h8WYLH0c,2025-12-11,phone_call,
98,003XX00000h8WYLH0c,2025-02-18,meeting,Major gift conversation – preliminary
99,003XX00000h8WYLH0c,2021-06-24,phone_call,Follow-up on lapsed donor reengagement
100,003XX00000h8WYLH0c,2022-11-30,email_click,Clicked event registration link
101,003XX00000h8WYLH0c,2024-03-03,meeting,Major gift conversation – preliminary
102,003XX00000h8WYLH0c,2021-08-30,email_open,Spring fundraising newsletter
103,003XX00000h8WYLH0c,2025-02-10,event_attended,Spring Gala 2023
104,003XX00000h8WYLH0c,2021-10-20,phone_call,
105,003XX00000h8WYLH0c,2022-01-16,event_attended,Spring Gala 2023
106,003XX00000h8WYLH0c,2021-09-20,mail_sent,Holiday card
107,003XX00000h8WYLH0c,2021-04-23,email_click,Clicked donate button
108,003XX00000h8WYLH0c,2021-06-02,event_attended,Book Launch event
109,003XX00000h8WYLH0c,2024-02-23,event_attended,Spring Gala 2023
110,003XX00000h8WYLH0c,2020-05-22,email_click,Clicked journal article link
111,003XX00000h8WYLH0c,2021-08-28,event_attended,Homecoming Reception 2023
112,003XX00000h8WYLH0c,2026-01-20,meeting,Stewardship call – discussed giving impact
113,003XX00000h8WYLH0c,2023-05-20,phone_call,Thank-you call after Year-End gift
114,003XX00000h8WYLH0c,2024-07-15,email_open,Annual event invitation
115,003XX00000SnB90aGs,2023-08-04,meeting,Stewardship call – discussed giving impact
116,003XX00000ikiUHVpu,2025-09-09,phone_call,Follow-up on lapsed donor reengagement
117,003XX00000ikiUHVpu,2023-04-25,mail_sent,Planned giving brochure
118,003XX00000ikiUHVpu,2021-08-25,event_attended,Virtual Symposium on Culture & Democracy
119,003XX00000ikiUHVpu,2024-12-15,mail_sent,Hedgehog Review print copy
120,003XX00000ikiUHVpu,2021-04-05,mail_sent,Planned giving brochure
121,003XX00000ikiUHVpu,2021-07-25,email_open,
122,003XX00000swjFDJmp,2023-06-15,email_open,Year-End Appeal 2023
123,003XX00000swjFDJmp,2022-06-21,meeting,Cultivation lunch
124,003XX00000swjFDJmp,2021-01-13,event_attended,Homecoming Reception 2023
125,003XX00000swjFDJmp,2022-03-10,email_open,Annual Fund thank-you
126,003XX00000swjFDJmp,2022-06-28,phone_call,Follow-up on lapsed donor reengagement
127,003XX00000nxkVEcCW,2024-12-29,phone_call,Thank-you call after Year-End gift
128,003XX00000nxkVEcCW,2024-06-03,phone_call,Outreach about Planned Giving Society
129,003XX00000Rso42UkI,2025-09-26,event_attended,Spring Gala 2022
130,003XX00000Rso42UkI,2024-01-18,mail_sent,Planned giving brochure
131,003XX00000Rso42UkI,2024-10-17,email_click,Clicked journal article link
132,003XX00000Rso42UkI,2024-03-07,meeting,Introductory meeting with development director
133,003XX00000Rso42UkI,2023-11-13,event_attended,Homecoming Reception 2023
134,003XX00000Rso42UkI,2024-12-30,event_attended,Virtual Symposium on Culture & Democracy
135,003XX00000Lqm3sCWs,2024-12-24,mail_sent,Planned giving brochure
136,003XX00000Lqm3sCWs,2023-03-28,meeting,Stewardship call – discussed giving impact
137,003XX00000Lqm3sCWs,2024-10-02,mail_sent,Planned giving brochure
138,003XX00000NTGsUJC4,2020-12-18,phone_call,Outreach about Planned Giving Society
139,003XX00000NTGsUJC4,2023-05-27,email_click,
140,003XX00000NTGsUJC4,2023-10-05,phone_call,Thank-you call after Year-End gift
141,003XX00000NTGsUJC4,2024-03-19,phone_call,Thank-you call after Year-End gift
142,003XX00000NTGsUJC4,2024-08-04,email_open,
143,003XX00000NTGsUJC4,2024-08-24,event_attended,Spring Gala 2023
144,003XX00000n8PBwVtm,2021-07-14,mail_sent,Holiday card
145,003XX00000n8PBwVtm,2024-04-12,email_click,Clicked journal article link
146,003XX00000n8PBwVtm,2025-07-02,phone_call,Thank-you call after Year-End gift
147,003XX00000n8PBwVtm,2023-05-29,event_attended,Book Launch event
148,003XX00000n8PBwVtm,2025-03-13,phone_call,Outreach about Planned Giving Society
149,003XX00000n8PBwVtm,2020-01-11,email_open,Journal issue announcement
150,003XX00000n8PBwVtm,2023-05-14,event_attended,Book Launch event
151,003XX00000n8PBwVtm,2023-03-24,email_open,Annual event invitation
152,003XX000008ee5gxtE,2022-09-29,meeting,Introductory meeting with development director
153,003XX000008ee5gxtE,2023-02-09,email_open,Annual event invitation
154,003XX00000jgYoPHte,2024-01-21,mail_sent,Stewardship impact report
155,003XX00000jgYoPHte,2024-11-21,meeting,Major gift conversation – preliminary
156,003XX00000gvzE8nbq,2025-05-03,mail_sent,Annual Fund appeal letter
157,003XX00000gvzE8nbq,2025-09-30,event_attended,Virtual Symposium on Culture & Democracy
158,003XX00000gvzE8nbq,2022-11-29,email_open,Journal issue announcement
159,003XX00000gvzE8nbq,2020-08-27,phone_call,Outreach about Planned Giving Society
160,003XX00000gvzE8nbq,2025-03-03,event_attended,Spring Gala 2023
161,003XX00000gvzE8nbq,2021-10-30,event_attended,Spring Gala 2022
162,003XX00000gvzE8nbq,2024-01-19,event_attended,Book Launch event
163,003XX00000gvzE8nbq,2023-12-29,mail_sent,Annual Fund appeal letter
164,003XX00000vZnemR7d,2020-11-10,phone_call,
165,003XX00000vZnemR7d,2022-01-20,email_click,Clicked donate button
166,003XX00000vZnemR7d,2021-11-15,phone_call,
167,003XX00000vZnemR7d,2023-07-19,event_attended,Homecoming Reception 2023
168,003XX00000vZnemR7d,2024-01-24,event_attended,Spring Gala 2022
169,003XX00000vZnemR7d,2023-12-11,phone_call,Outreach about Planned Giving Society
170,003XX00000vZnemR7d,2021-07-14,email_open,Annual Fund thank-you
171,003XX00000vZnemR7d,2024-03-07,event_attended,Book Launch event
172,003XX00000FYcOkDRl,2021-02-23,email_click,Clicked event registration link
173,003XX00000FYcOkDRl,2025-08-23,email_click,Clicked event registration link
174,003XX00000FYcOkDRl,2025-11-23,email_click,Clicked donate button
175,003XX00000FYcOkDRl,2025-03-01,meeting,Introductory meeting with development director
176,003XX00000FYcOkDRl,2021-06-21,email_open,Year-End Appeal 2023
177,003XX00000FYcOkDRl,2023-11-27,meeting,Major gift conversation – preliminary
178,003XX00000FYcOkDRl,2024-01-25,mail_sent,Holiday card
179,003XX00000K9tSUzhr,2025-11-12,phone_call,Follow-up on lapsed donor reengagement
180,003XX00000K9tSUzhr,2023-06-01,email_click,Clicked donate button
181,003XX00000K9tSUzhr,2021-04-30,mail_sent,Holiday card
182,003XX000009dX7chhp,2022-07-17,email_click,Clicked journal article link
183,003XX000009dX7chhp,2022-05-09,email_click,Clicked event registration link
184,003XX000009dX7chhp,2024-10-06,email_open,
185,003XX000009dX7chhp,2020-11-14,email_open,Year-End Appeal 2023
186,003XX000009dX7chhp,2024-11-01,meeting,Introductory meeting with development director
187,003XX000009dX7chhp,2021-03-17,email_click,Clicked donate button
188,003XX000009dX7chhp,2025-10-04,mail_sent,Stewardship impact report
189,003XX000009dX7chhp,2025-04-05,email_open,Year-End Appeal 2023
190,003XX000009dX7chhp,2020-06-26,event_attended,Spring Gala 2022
191,003XX000009dX7chhp,2020-02-12,event_attended,Spring Gala 2022
192,003XX000009dX7chhp,2022-04-21,email_open,Annual Fund thank-you
193,003XX000009dX7chhp,2022-01-26,email_click,Clicked journal article link
194,003XX000009dX7chhp,2021-01-06,email_open,Journal issue announcement
195,003XX000009dX7chhp,2023-02-10,mail_sent,Stewardship impact report
196,003XX000009dX7chhp,2023-12-13,event_attended,Spring Gala 2023
197,003XX00000PpgnDZsG,2022-09-17,mail_sent,Stewardship impact report
198,003XX00000PpgnDZsG,2020-10-06,phone_call,Thank-you call after Year-End gift
199,003XX00000PpgnDZsG,2020-02-27,phone_call,
200,003XX00000PpgnDZsG,2022-02-23,email_click,Clicked journal article link
201,003XX00000PpgnDZsG,2026-01-09,email_click,Clicked donate button
202,003XX00000PpgnDZsG,2021-02-08,mail_sent,Holiday card
203,003XX00000PpgnDZsG,2025-04-28,phone_call,Follow-up on lapsed donor reengagement
204,003XX00000g3IfQyUt,2024-12-05,email_click,Clicked donate button
205,003XX00000g3IfQyUt,2023-12-24,email_click,
206,003XX00000g3IfQyUt,2022-05-27,meeting,Phone meeting rescheduled
207,003XX00000g3IfQyUt,2024-07-27,email_click,Clicked donate button
208,003XX00000g3IfQyUt,2021-05-21,event_attended,Book Launch event
209,003XX00000g3IfQyUt,2025-10-29,email_open,Journal issue announcement
210,003XX00000g3IfQyUt,2024-01-19,meeting,Major gift conversation – preliminary
211,003XX00000g3IfQyUt,2020-06-15,phone_call,Thank-you call after Year-End gift
212,003XX000007dc9Xr4u,2024-04-25,email_open,Spring fundraising newsletter
213,003XX000007dc9Xr4u,2023-07-01,meeting,Cultivation lunch
214,003XX000007dc9Xr4u,2024-07-26,email_click,Clicked journal article link
215,003XX00000BZvv8oa9,2025-05-02,email_open,
216,003XX00000BZvv8oa9,2022-01-04,event_attended,Spring Gala 2022
217,003XX000009O4jjvyO,2021-03-06,mail_sent,Planned giving brochure
218,003XX000009O4jjvyO,2025-11-10,meeting,Introductory meeting with development director
219,003XX000009O4jjvyO,2021-08-10,email_open,Annual event invitation
220,003XX000009O4jjvyO,2021-02-20,meeting,Stewardship call – discussed giving impact
221,003XX000009O4jjvyO,2024-01-29,email_open,Journal issue announcement
222,003XX000009O4jjvyO,2022-03-31,event_attended,Virtual Symposium on Culture & Democracy
223,003XX000009O4jjvyO,2021-05-17,meeting,Stewardship call – discussed giving impact
224,003XX00000Qpl2Lvsi,2025-08-06,mail_sent,Hedgehog Review print copy
225,003XX00000jPi6Uves,2023-01-23,phone_call,Left voicemail
226,003XX00000jPi6Uves,2025-05-02,event_attended,Virtual Symposium on Culture & Democracy
227,003XX00000jPi6Uves,2025-06-07,meeting,Phone meeting rescheduled
228,003XX00000jPi6Uves,2021-08-26,event_attended,Book Launch event
229,003XX00000jPi6Uves,2021-05-15,email_open,Spring fundraising newsletter
230,003XX00000jPi6Uves,2025-07-29,meeting,Stewardship call – discussed giving impact
231,003XX00000jPi6Uves,2021-07-05,mail_sent,Annual Fund appeal letter
232,003XX00000PVxE7cPr,2020-08-04,mail_sent,Annual Fund appeal letter
233,003XX00000PVxE7cPr,2020-04-19,meeting,Stewardship call – discussed giving impact
234,003XX00000PVxE7cPr,2023-09-01,meeting,Stewardship call – discussed giving impact
235,003XX000005Sij0phX,2021-01-29,phone_call,Thank-you call after Year-End gift
236,003XX000005Sij0phX,2025-10-30,mail_sent,Planned giving brochure
237,003XX000005Sij0phX,2022-04-07,meeting,Major gift conversation – preliminary
238,003XX000005Sij0phX,2025-08-01,mail_sent,Planned giving brochure
239,003XX00000biZBVFlU,2023-11-08,phone_call,
240,003XX00000biZBVFlU,2020-03-13,phone_call,Thank-you call after Year-End gift
241,003XX00000biZBVFlU,2021-05-02,meeting,Cultivation lunch
242,003XX00000biZBVFlU,2023-07-12,meeting,Cultivation lunch
243,003XX00000biZBVFlU,2025-02-25,meeting,Introductory meeting with development director
244,003XX00000biZBVFlU,2021-12-25,email_open,Annual Fund thank-you
245,003XX00000biZBVFlU,2023-05-26,mail_sent,Holiday card
246,003XX000008wURwW5M,2021-07-04,meeting,Major gift conversation – preliminary
247,003XX000008wURwW5M,2024-05-12,mail_sent,Planned giving brochure
248,003XX00000YvkfVBGZ,2025-07-02,mail_sent,Stewardship impact report
249,003XX00000YvkfVBGZ,2026-01-18,mail_sent,Stewardship impact report
250,003XX00000YvkfVBGZ,2025-05-03,meeting,Phone meeting rescheduled
251,003XX00000MuyDG2LU,2024-05-22,email_open,Spring fundraising newsletter
252,003XX00000MuyDG2LU,2024-03-27,meeting,Phone meeting rescheduled
253,003XX00000MuyDG2LU,2023-12-15,mail_sent,Hedgehog Review print copy
254,003XX00000MuyDG2LU,2020-09-08,event_attended,Spring Gala 2022
255,003XX00000MuyDG2LU,2020-07-03,phone_call,Outreach about Planned Giving Society
256,003XX00000MuyDG2LU,2023-11-29,event_attended,Virtual Symposium on Culture & Democracy
257,003XX00000MuyDG2LU,2023-10-29,email_open,Annual event invitation
258,003XX00000qZ0eFBvS,2024-01-03,event_attended,Book Launch event
259,003XX00000qZ0eFBvS,2020-08-19,event_attended,Spring Gala 2023
260,003XX00000qZ0eFBvS,2022-08-19,email_click,Clicked journal article link
261,003XX00000qZ0eFBvS,2020-12-13,phone_call,Thank-you call after Year-End gift
262,003XX000002S22FWFp,2020-03-21,email_click,Clicked journal article link
263,003XX000002S22FWFp,2025-03-02,email_open,
264,003XX000002S22FWFp,2025-10-09,meeting,Cultivation lunch
265,003XX000002S22FWFp,2020-03-24,event_attended,Book Launch event
266,003XX000002S22FWFp,2020-04-01,phone_call,Follow-up on lapsed donor reengagement
267,003XX000002S22FWFp,2024-05-17,meeting,Major gift conversation – preliminary
268,003XX000002S22FWFp,2021-02-04,phone_call,Left voicemail
269,003XX000002S22FWFp,2022-04-23,email_open,Spring fundraising newsletter
270,003XX000002S22FWFp,2025-08-21,meeting,Major gift conversation – preliminary
271,003XX000002S22FWFp,2023-05-11,email_click,Clicked journal article link
272,003XX000002S22FWFp,2022-04-06,meeting,Cultivation lunch
273,003XX000002S22FWFp,2020-11-04,mail_sent,Stewardship impact report
274,003XX000002S22FWFp,2023-03-23,email_click,Clicked journal article link
275,003XX000002S22FWFp,2023-05-02,email_open,Annual Fund thank-you
276,003XX00000mJZq1FGu,2021-01-11,email_click,Clicked donate button
277,003XX00000mJZq1FGu,2023-10-11,phone_call,Follow-up on lapsed donor reengagement
278,003XX00000mJZq1FGu,2025-12-15,email_open,Annual event invitation
279,003XX00000mJZq1FGu,2022-05-09,meeting,Major gift conversation – preliminary
280,003XX00000EQCDwfmf,2025-08-29,event_attended,Homecoming Reception 2023
281,003XX00000EQCDwfmf,2026-01-20,meeting,Major gift conversation – preliminary
282,003XX00000EQCDwfmf,2024-08-24,email_click,
283,003XX00000EQCDwfmf,2025-10-11,event_attended,Book Launch event
284,003XX00000EQCDwfmf,2026-02-20,mail_sent,Holiday card
285,003XX000001vTFcWSw,2025-10-15,mail_sent,Holiday card
286,003XX000001vTFcWSw,2025-08-06,phone_call,Outreach about Planned Giving Society
287,003XX000001vTFcWSw,2025-03-29,mail_sent,Hedgehog Review print copy
288,003XX000001vTFcWSw,2025-12-22,mail_sent,Stewardship impact report
289,003XX000001vTFcWSw,2020-09-02,meeting,Phone meeting rescheduled
290,003XX000001vTFcWSw,2024-02-01,email_click,
291,003XX00000GGbTHWvc,2023-05-14,mail_sent,Planned giving brochure
292,003XX00000GGbTHWvc,2023-07-29,meeting,Introductory meeting with development director
293,003XX00000GGbTHWvc,2022-04-13,mail_sent,Planned giving brochure
294,003XX000004zUCcKjy,2021-10-19,event_attended,Homecoming Reception 2023
295,003XX00000TQBlByRy,2022-08-25,phone_call,Left voicemail
296,003XX00000TQBlByRy,2021-04-10,email_click,Clicked event registration link
297,003XX00000TQBlByRy,2020-04-23,email_click,Clicked event registration link
298,003XX00000TQBlByRy,2025-03-16,event_attended,Book Launch event
299,003XX00000TQBlByRy,2024-11-21,phone_call,Left voicemail
300,003XX00000TQBlByRy,2020-05-31,mail_sent,Holiday card
301,003XX00000TQBlByRy,2023-01-22,email_click,Clicked event registration link
302,003XX00000TQBlByRy,2022-11-24,email_open,Spring fundraising newsletter
303,003XX00000TQBlByRy,2021-12-21,mail_sent,Annual Fund appeal letter
304,003XX00000TQBlByRy,2025-06-13,mail_sent,Annual Fund appeal letter
305,003XX00000TQBlByRy,2020-12-09,email_open,Spring fundraising newsletter
306,003XX00000TQBlByRy,2023-05-05,phone_call,Thank-you call after Year-End gift
307,003XX00000TQBlByRy,2024-01-28,meeting,Introductory meeting with development director
308,003XX00000s40UBk4w,2021-07-29,mail_sent,Holiday card
309,003XX00000s40UBk4w,2025-08-11,email_open,Year-End Appeal 2023
310,003XX00000K2Frn2bQ,2025-11-21,mail_sent,Hedgehog Review print copy
311,003XX00000K2Frn2bQ,2021-01-04,meeting,Stewardship call – discussed giving impact
312,003XX00000K2Frn2bQ,2021-05-15,phone_call,Follow-up on lapsed donor reengagement
313,003XX00000K2Frn2bQ,2024-05-16,event_attended,Spring Gala 2023
314,003XX00000laDU8Zi5,2021-08-13,email_click,Clicked donate button
315,003XX00000laDU8Zi5,2022-05-26,email_click,Clicked journal article link
316,003XX00000laDU8Zi5,2024-07-30,meeting,Major gift conversation – preliminary
317,003XX00000laDU8Zi5,2020-08-17,phone_call,Left voicemail
318,003XX00000FVh8ki0y,2021-04-07,event_attended,Homecoming Reception 2023
319,003XX00000FVh8ki0y,2024-10-01,phone_call,Left voicemail
320,003XX00000FVh8ki0y,2022-10-06,mail_sent,Hedgehog Review print copy
321,003XX00000FVh8ki0y,2024-01-26,email_click,
322,003XX00000wmgaZJkv,2023-06-16,event_attended,Spring Gala 2022
323,003XX00000wmgaZJkv,2020-05-22,mail_sent,Annual Fund appeal letter
324,003XX00000wmgaZJkv,2022-09-08,mail_sent,Hedgehog Review print copy
325,003XX00000jdKYmqYY,2024-01-26,event_attended,Spring Gala 2022
326,003XX00000jdKYmqYY,2022-08-26,phone_call,Left voicemail
327,003XX00000jdKYmqYY,2020-02-02,meeting,Cultivation lunch
328,003XX00000jdKYmqYY,2023-05-17,event_attended,Spring Gala 2022
329,003XX00000jdKYmqYY,2023-05-03,email_click,Clicked event registration link
330,003XX00000jdKYmqYY,2024-12-02,email_click,Clicked journal article link
331,003XX00000jdKYmqYY,2024-07-22,mail_sent,Annual Fund appeal letter
332,003XX00000jdKYmqYY,2020-11-24,event_attended,Book Launch event
333,003XX00000jdKYmqYY,2024-08-18,meeting,Major gift conversation – preliminary
334,003XX00000jdKYmqYY,2024-09-26,mail_sent,Annual Fund appeal letter
335,003XX00000jdKYmqYY,2022-12-04,email_click,Clicked donate button
336,003XX00000Pc4rQzfn,2026-02-21,meeting,Major gift conversation – preliminary
337,003XX00000Pc4rQzfn,2020-04-22,meeting,Introductory meeting with development director
338,003XX00000Pc4rQzfn,2022-01-22,mail_sent,Planned giving brochure
339,003XX00000cNSgmkA9,2024-06-29,email_open,Journal issue announcement
340,003XX00000cNSgmkA9,2023-06-05,mail_sent,Hedgehog Review print copy
341,003XX00000cNSgmkA9,2020-12-02,phone_call,Thank-you call after Year-End gift
342,003XX00000cNSgmkA9,2022-10-19,email_click,Clicked event registration link
343,003XX00000cNSgmkA9,2024-08-07,phone_call,Follow-up on lapsed donor reengagement
344,003XX00000cNSgmkA9,2025-05-13,meeting,Stewardship call – discussed giving impact
345,003XX00000cNSgmkA9,2021-12-11,event_attended,Virtual Symposium on Culture & Democracy
346,003XX00000cNSgmkA9,2023-02-28,event_attended,Spring Gala 2023
347,003XX00000cNSgmkA9,2024-08-24,email_open,Spring fundraising newsletter
348,003XX00000cNSgmkA9,2024-05-30,email_click,
349,003XX00000cNSgmkA9,2022-07-08,phone_call,Thank-you call after Year-End gift
350,003XX00000cNSgmkA9,2022-07-25,email_open,Year-End Appeal 2023
351,003XX00000cNSgmkA9,2022-03-23,meeting,Major gift conversation – preliminary
352,003XX00000cNSgmkA9,2021-11-22,mail_sent,Annual Fund appeal letter
353,003XX00000cNSgmkA9,2024-10-22,meeting,Phone meeting rescheduled
354,003XX00000cNSgmkA9,2021-09-03,event_attended,Spring Gala 2022
355,003XX00000cNSgmkA9,2021-11-27,event_attended,Virtual Symposium on Culture & Democracy
356,003XX00000cNSgmkA9,2020-02-27,email_open,
357,003XX00000Sdtsi463,2025-02-01,meeting,Cultivation lunch
358,003XX00000Sdtsi463,2022-07-08,email_open,
359,003XX00000Sdtsi463,2022-02-19,email_click,Clicked journal article link
360,003XX00000Sdtsi463,2025-07-17,event_attended,Book Launch event
361,003XX00000AQvKvevF,2022-04-26,meeting,Phone meeting rescheduled
362,003XX00000AQvKvevF,2023-03-05,email_click,Clicked event registration link
363,003XX00000tItkKWoC,2024-07-31,email_click,Clicked event registration link
364,003XX00000HrD6JZkx,2025-01-21,phone_call,Outreach about Planned Giving Society
365,003XX00000HrD6JZkx,2025-02-19,event_attended,Spring Gala 2022
366,003XX00000HrD6JZkx,2025-04-04,email_open,Journal issue announcement
367,003XX00000HrD6JZkx,2024-06-16,event_attended,Spring Gala 2023
368,003XX00000HrD6JZkx,2024-04-19,mail_sent,Planned giving brochure
369,003XX00000HrD6JZkx,2022-11-15,mail_sent,Annual Fund appeal letter
370,003XX000008DNnZOcx,2020-08-28,phone_call,Thank-you call after Year-End gift
371,003XX00000IssGlL5Y,2023-12-22,meeting,Phone meeting rescheduled
372,003XX00000IssGlL5Y,2020-07-05,mail_sent,Annual Fund appeal letter
373,003XX00000IssGlL5Y,2025-08-28,event_attended,Virtual Symposium on Culture & Democracy
374,003XX00000IssGlL5Y,2023-05-24,meeting,Cultivation lunch
375,003XX00000IssGlL5Y,2024-02-28,mail_sent,Holiday card
376,003XX00000Sr1s6nMm,2022-01-04,email_open,Spring fundraising newsletter
377,003XX00000Sr1s6nMm,2025-08-25,email_click,
378,003XX00000Sr1s6nMm,2025-04-01,event_attended,Spring Gala 2023
379,003XX00000Sr1s6nMm,2023-07-23,email_open,
380,003XX00000Sr1s6nMm,2024-11-08,phone_call,Outreach about Planned Giving Society
381,003XX00000Sr1s6nMm,2021-04-23,event_attended,Homecoming Reception 2023
382,003XX00000Sr1s6nMm,2021-06-07,email_open,Annual event invitation
383,003XX00000Sr1s6nMm,2024-01-16,event_attended,Book Launch event
384,003XX00000Sr1s6nMm,2022-12-14,event_attended,Virtual Symposium on Culture & Democracy
385,003XX00000Sr1s6nMm,2025-10-18,event_attended,Homecoming Reception 2023
386,003XX00000Sr1s6nMm,2021-11-06,meeting,Major gift conversation – preliminary
387,003XX00000Sr1s6nMm,2025-07-05,mail_sent,Holiday card
388,003XX00000Sr1s6nMm,2024-12-07,phone_call,Thank-you call after Year-End gift
389,003XX00000Sr1s6nMm,2021-08-31,email_click,Clicked donate button
390,003XX00000Sr1s6nMm,2022-01-20,email_click,Clicked donate button
391,003XX00000Sr1s6nMm,2022-12-01,meeting,Stewardship call – discussed giving impact
392,003XX000001uiOwxRp,2024-11-22,meeting,Introductory meeting with development director
393,003XX000001uiOwxRp,2020-06-16,meeting,Cultivation lunch
394,003XX000001uiOwxRp,2025-06-10,event_attended,Book Launch event
395,003XX000000Ac6C5lv,2021-08-29,mail_sent,Annual Fund appeal letter
396,003XX0000046XhR4yX,2022-04-14,email_open,Spring fundraising newsletter
397,003XX0000046XhR4yX,2021-11-20,email_click,Clicked journal article link
398,003XX0000046XhR4yX,2022-05-19,phone_call,
399,003XX0000046XhR4yX,2025-11-24,email_open,Annual Fund thank-you
400,003XX000004ZbZTYHA,2020-11-10,meeting,Stewardship call – discussed giving impact
401,003XX000004ZbZTYHA,2021-01-21,meeting,Major gift conversation – preliminary
402,003XX00000HAkh6Su4,2021-05-14,event_attended,Book Launch event
403,003XX00000HAkh6Su4,2021-03-10,event_attended,Homecoming Reception 2023
404,003XX00000HAkh6Su4,2020-04-28,email_click,Clicked donate button
405,003XX00000HAkh6Su4,2025-05-19,meeting,Cultivation lunch
406,003XX00000HAkh6Su4,2023-01-08,mail_sent,Stewardship impact report
407,003XX00000HAkh6Su4,2020-01-24,mail_sent,Hedgehog Review print copy
408,003XX00000HAkh6Su4,2025-01-29,email_open,Spring fundraising newsletter
409,003XX00000HAkh6Su4,2021-06-13,mail_sent,Holiday card
410,003XX00000HAkh6Su4,2023-03-04,email_open,Spring fundraising newsletter
411,003XX00000HAkh6Su4,2020-10-16,email_open,Annual Fund thank-you
412,003XX00000y7KTwsnR,2021-01-14,meeting,Cultivation lunch
413,003XX00000y7KTwsnR,2021-12-30,event_attended,Spring Gala 2023
414,003XX00000y7KTwsnR,2020-12-31,meeting,Introductory meeting with development director
415,003XX00000y7KTwsnR,2021-10-29,email_click,
416,003XX00000y7KTwsnR,2023-03-13,meeting,Stewardship call – discussed giving impact
417,003XX00000X4gV1edl,2024-11-05,meeting,Major gift conversation – preliminary
418,003XX00000X4gV1edl,2021-06-21,mail_sent,Hedgehog Review print copy
419,003XX00000X4gV1edl,2021-01-28,mail_sent,Hedgehog Review print copy
420,003XX00000lddNZIkv,2025-06-28,email_click,
421,003XX00000lddNZIkv,2025-05-05,meeting,Major gift conversation – preliminary
422,003XX00000zlL3l2gu,2024-09-28,phone_call,Thank-you call after Year-End gift
423,003XX00000zlL3l2gu,2024-02-17,meeting,Phone meeting rescheduled
424,003XX00000zlL3l2gu,2024-11-13,email_click,
425,003XX00000zlL3l2gu,2020-06-14,email_open,Annual Fund thank-you
426,003XX00000zlL3l2gu,2025-03-13,event_attended,Spring Gala 2023
427,003XX00000zlL3l2gu,2021-09-27,mail_sent,Planned giving brochure
428,003XX00000zlL3l2gu,2025-11-19,phone_call,Thank-you call after Year-End gift
429,003XX000001aWRquZw,2024-11-26,meeting,Introductory meeting with development director
430,003XX000001aWRquZw,2023-05-15,meeting,Stewardship call – discussed giving impact
431,003XX000001aWRquZw,2023-05-15,email_click,Clicked event registration link
432,003XX000001aWRquZw,2024-10-17,phone_call,Follow-up on lapsed donor reengagement
433,003XX000001aWRquZw,2020-07-14,phone_call,
434,003XX000001aWRquZw,2020-07-03,email_open,Annual Fund thank-you
435,003XX00000ifVHfPhx,2021-01-22,meeting,Cultivation lunch
436,003XX00000ifVHfPhx,2022-11-03,mail_sent,Hedgehog Review print copy
437,003XX00000ifVHfPhx,2020-11-30,event_attended,Virtual Symposium on Culture & Democracy
438,003XX00000ifVHfPhx,2021-04-11,email_open,
439,003XX00000ifVHfPhx,2025-03-10,mail_sent,Holiday card
440,003XX00000ifVHfPhx,2024-05-28,email_click,Clicked donate button
441,003XX00000ifVHfPhx,2024-08-31,email_open,
442,003XX00000ifVHfPhx,2023-07-09,event_attended,Virtual Symposium on Culture & Democracy
443,003XX00000ifVHfPhx,2025-02-06,mail_sent,Planned giving brochure
444,003XX00000wHE7eA17,2023-10-30,event_attended,Spring Gala 2023
445,003XX00000wHE7eA17,2022-01-28,email_click,Clicked donate button
446,003XX00000OdmWeNrX,2022-11-28,phone_call,Thank-you call after Year-End gift
447,003XX00000OdmWeNrX,2025-12-28,meeting,Introductory meeting with development director
448,003XX00000OdmWeNrX,2024-06-05,email_open,Year-End Appeal 2023
449,003XX00000OdmWeNrX,2021-12-04,email_open,
450,003XX00000OdmWeNrX,2025-02-27,meeting,Cultivation lunch
451,003XX00000OdmWeNrX,2025-06-16,mail_sent,Hedgehog Review print copy
452,003XX00000WiyVZVql,2024-01-17,phone_call,Left voicemail
453,003XX00000WiyVZVql,2020-12-24,event_attended,Spring Gala 2023
454,003XX00000WiyVZVql,2020-02-26,email_click,Clicked event registration link
455,003XX00000WiyVZVql,2020-03-06,email_open,
456,003XX00000tp6rEKGD,2025-05-24,email_click,Clicked event registration link
